id,date,description,amount
bank_000,2025-01-03,POS DEBIT HARDWARE MARKET BI ANN ARBOR MI,-152.49
bank_001,2025-01-06,POS DEBIT ARBOR GROCER AF ANN ARBOR MI,-171.38
bank_002,2025-01-10,POS DEBIT YPSI FUEL BA ANN ARBOR MI,-153.43
bank_003,2025-01-11,POS DEBIT LOCAL BOOKSHOP DA ANN ARBOR MI,-52.47
bank_004,2025-01-12,POS DEBIT YPSI FUEL DN ANN ARBOR MI,-176.97
bank_005,2025-01-19,POS DEBIT COMMUNITY PHARMACY AM ANN ARBOR MI,-98.81
bank_006,2025-01-27,APPLE.COM/BILL CALM CA,-14.99
bank_007,2025-01-27,APPLE.COM/BILL ICLOUD CA,-2.99
bank_008,2025-01-27,APPLE.COM/BILL PARAMOUNT CA,-7.99
bank_009,2025-01-27,ATT PAYMENT 800-331-0500 TX,-65.0
bank_010,2025-01-27,AUDIBLE MEMBERSHIP NJ,-14.95
bank_011,2025-01-27,COMCAST XFINITY BILL MI,-74.99
bank_012,2025-01-27,DTE ENERGY AUTOPAY MI,-86.4
bank_013,2025-01-27,METLIFE PREM,-29.0
bank_014,2025-01-27,MPSERS PENSION BENEFIT,1928.44
bank_015,2025-01-27,NETFLIX.COM 866-579-7172 CA,-15.49
bank_016,2025-01-27,NYTIMES DIGITAL SUB NY,-17.0
bank_017,2025-01-27,PLANET FIT CLUB FEES,-24.99
bank_018,2025-01-27,SPOTIFY USA 877-778-1161 NY,-11.99
bank_019,2025-01-27,SQ *YPSI YOGA COLLECTIVE MI,-45.0
bank_020,2025-01-27,SSA TREAS 310 XXSOC SEC,1684.6
bank_021,2025-01-29,POS DEBIT HARDWARE MARKET DV ANN ARBOR MI,-53.13
bank_022,2025-01-30,POS DEBIT LOCAL BOOKSHOP FS ANN ARBOR MI,-58.31
bank_023,2025-02-05,POS DEBIT HARDWARE MARKET FJ ANN ARBOR MI,-54.78
bank_024,2025-02-07,POS DEBIT LOCAL BOOKSHOP EE ANN ARBOR MI,-117.99
bank_025,2025-02-08,POS DEBIT COMMUNITY PHARMACY AH ANN ARBOR MI,-117.21
bank_026,2025-02-08,POS DEBIT HARDWARE MARKET DG ANN ARBOR MI,-137.76
bank_027,2025-02-15,POS DEBIT HARDWARE MARKET AO ANN ARBOR MI,-172.26
bank_028,2025-02-27,APPLE.COM/BILL CALM CA,-14.99
bank_029,2025-02-27,APPLE.COM/BILL ICLOUD CA,-2.99
bank_030,2025-02-27,APPLE.COM/BILL PARAMOUNT CA,-7.99
bank_031,2025-02-27,ATT PAYMENT 800-331-0500 TX,-65.0
bank_032,2025-02-27,AUDIBLE MEMBERSHIP NJ,-14.95
bank_033,2025-02-27,COMCAST XFINITY BILL MI,-74.99
bank_034,2025-02-27,DTE ENERGY AUTOPAY MI,-86.4
bank_035,2025-02-27,METLIFE PREM,-29.0
bank_036,2025-02-27,MPSERS PENSION BENEFIT,1928.44
bank_037,2025-02-27,NETFLIX.COM 866-579-7172 CA,-15.49
bank_038,2025-02-27,NYTIMES DIGITAL SUB NY,-17.0
bank_039,2025-02-27,PLANET FIT CLUB FEES,-24.99
bank_040,2025-02-27,SPOTIFY USA 877-778-1161 NY,-11.99
bank_041,2025-02-27,SQ *YPSI YOGA COLLECTIVE MI,-45.0
bank_042,2025-02-27,SSA TREAS 310 XXSOC SEC,1684.6
bank_043,2025-03-07,POS DEBIT ARBOR GROCER BJ ANN ARBOR MI,-70.03
bank_044,2025-03-16,POS DEBIT ARBOR GROCER BO ANN ARBOR MI,-72.33
bank_045,2025-03-21,POS DEBIT COMMUNITY PHARMACY ES ANN ARBOR MI,-178.06
bank_046,2025-03-27,APPLE.COM/BILL CALM CA,-14.99
bank_047,2025-03-27,APPLE.COM/BILL ICLOUD CA,-2.99
bank_048,2025-03-27,APPLE.COM/BILL PARAMOUNT CA,-7.99
bank_049,2025-03-27,ATT PAYMENT 800-331-0500 TX,-65.0
bank_050,2025-03-27,AUDIBLE MEMBERSHIP NJ,-14.95
bank_051,2025-03-27,COMCAST XFINITY BILL MI,-74.99
bank_052,2025-03-27,DTE ENERGY AUTOPAY MI,-86.4
bank_053,2025-03-27,METLIFE PREM,-29.0
bank_054,2025-03-27,MPSERS PENSION BENEFIT,1928.44
bank_055,2025-03-27,NETFLIX.COM 866-579-7172 CA,-15.49
bank_056,2025-03-27,NYTIMES DIGITAL SUB NY,-17.0
bank_057,2025-03-27,PLANET FIT CLUB FEES,-24.99
bank_058,2025-03-27,SPOTIFY USA 877-778-1161 NY,-11.99
bank_059,2025-03-27,SQ *YPSI YOGA COLLECTIVE MI,-45.0
bank_060,2025-03-27,SSA TREAS 310 XXSOC SEC,1684.6
bank_061,2025-03-28,POS DEBIT LOCAL BOOKSHOP AI ANN ARBOR MI,-58.03
bank_062,2025-03-28,POS DEBIT YPSI FUEL DS ANN ARBOR MI,-104.77
bank_063,2025-03-31,POS DEBIT LOCAL BOOKSHOP BW ANN ARBOR MI,-146.66
bank_064,2025-04-03,POS DEBIT LOCAL BOOKSHOP EO ANN ARBOR MI,-154.43
bank_065,2025-04-14,POS DEBIT YPSI FUEL AL ANN ARBOR MI,-179.79
bank_066,2025-04-18,POS DEBIT LOCAL BOOKSHOP AS ANN ARBOR MI,-20.88
bank_067,2025-04-27,APPLE.COM/BILL CALM CA,-14.99
bank_068,2025-04-27,APPLE.COM/BILL ICLOUD CA,-2.99
bank_069,2025-04-27,APPLE.COM/BILL PARAMOUNT CA,-7.99
bank_070,2025-04-27,ATT PAYMENT 800-331-0500 TX,-65.0
bank_071,2025-04-27,AUDIBLE MEMBERSHIP NJ,-14.95
bank_072,2025-04-27,COMCAST XFINITY BILL MI,-74.99
bank_073,2025-04-27,DTE ENERGY AUTOPAY MI,-86.4
bank_074,2025-04-27,METLIFE PREM,-29.0
bank_075,2025-04-27,MPSERS PENSION BENEFIT,1928.44
bank_076,2025-04-27,NETFLIX.COM 866-579-7172 CA,-15.49
bank_077,2025-04-27,NYTIMES DIGITAL SUB NY,-17.0
bank_078,2025-04-27,PLANET FIT CLUB FEES,-24.99
bank_079,2025-04-27,SPOTIFY USA 877-778-1161 NY,-11.99
bank_080,2025-04-27,SQ *YPSI YOGA COLLECTIVE MI,-45.0
bank_081,2025-04-27,SSA TREAS 310 XXSOC SEC,1684.6
bank_082,2025-04-30,POS DEBIT LOCAL BOOKSHOP BH ANN ARBOR MI,-95.61
bank_083,2025-05-04,POS DEBIT ARBOR GROCER DH ANN ARBOR MI,-120.96
bank_084,2025-05-07,POS DEBIT LOCAL BOOKSHOP CQ ANN ARBOR MI,-52.62
bank_085,2025-05-10,POS DEBIT HARDWARE MARKET EZ ANN ARBOR MI,-95.38
bank_086,2025-05-10,POS DEBIT LOCAL BOOKSHOP BM ANN ARBOR MI,-24.49
bank_087,2025-05-11,POS DEBIT YPSI FUEL CJ ANN ARBOR MI,-81.05
bank_088,2025-05-12,POS DEBIT LOCAL BOOKSHOP FN ANN ARBOR MI,-85.57
bank_089,2025-05-15,POS DEBIT COMMUNITY PHARMACY FH ANN ARBOR MI,-144.73
bank_090,2025-05-17,POS DEBIT HARDWARE MARKET EF ANN ARBOR MI,-9.79
bank_091,2025-05-22,POS DEBIT ARBOR GROCER AK ANN ARBOR MI,-130.36
bank_092,2025-05-27,APPLE.COM/BILL CALM CA,-14.99
bank_093,2025-05-27,APPLE.COM/BILL ICLOUD CA,-2.99
bank_094,2025-05-27,APPLE.COM/BILL PARAMOUNT CA,-7.99
bank_095,2025-05-27,ATT PAYMENT 800-331-0500 TX,-65.0
bank_096,2025-05-27,AUDIBLE MEMBERSHIP NJ,-14.95
bank_097,2025-05-27,COMCAST XFINITY BILL MI,-74.99
bank_098,2025-05-27,DTE ENERGY AUTOPAY MI,-86.4
bank_099,2025-05-27,METLIFE PREM,-29.0
bank_100,2025-05-27,MPSERS PENSION BENEFIT,1928.44
bank_101,2025-05-27,NETFLIX.COM 866-579-7172 CA,-15.49
bank_102,2025-05-27,NYTIMES DIGITAL SUB NY,-17.0
bank_103,2025-05-27,PLANET FIT CLUB FEES,-24.99
bank_104,2025-05-27,POS DEBIT COMMUNITY PHARMACY CP ANN ARBOR MI,-103.67
bank_105,2025-05-27,SPOTIFY USA 877-778-1161 NY,-11.99
bank_106,2025-05-27,SQ *YPSI YOGA COLLECTIVE MI,-45.0
bank_107,2025-05-27,SSA TREAS 310 XXSOC SEC,1684.6
bank_108,2025-06-06,POS DEBIT YPSI FUEL FG ANN ARBOR MI,-132.8
bank_109,2025-06-07,POS DEBIT HARDWARE MARKET AE ANN ARBOR MI,-90.37
bank_110,2025-06-08,POS DEBIT HARDWARE MARKET CH ANN ARBOR MI,-82.85
bank_111,2025-06-09,POS DEBIT COMMUNITY PHARMACY DO ANN ARBOR MI,-63.42
bank_112,2025-06-11,POS DEBIT COMMUNITY PHARMACY AR ANN ARBOR MI,-173.94
bank_113,2025-06-12,POS DEBIT LOCAL BOOKSHOP AD ANN ARBOR MI,-115.27
bank_114,2025-06-17,POS DEBIT COMMUNITY PHARMACY BG ANN ARBOR MI,-10.94
bank_115,2025-06-24,POS DEBIT ARBOR GROCER DR ANN ARBOR MI,-128.76
bank_116,2025-06-27,APPLE.COM/BILL CALM CA,-14.99
bank_117,2025-06-27,APPLE.COM/BILL ICLOUD CA,-2.99
bank_118,2025-06-27,APPLE.COM/BILL PARAMOUNT CA,-7.99
bank_119,2025-06-27,ATT PAYMENT 800-331-0500 TX,-65.0
bank_120,2025-06-27,AUDIBLE MEMBERSHIP NJ,-14.95
bank_121,2025-06-27,COMCAST XFINITY BILL MI,-74.99
bank_122,2025-06-27,DTE ENERGY AUTOPAY MI,-86.4
bank_123,2025-06-27,METLIFE PREM,-29.0
bank_124,2025-06-27,MPSERS PENSION BENEFIT,1928.44
bank_125,2025-06-27,NETFLIX.COM 866-579-7172 CA,-15.49
bank_126,2025-06-27,NYTIMES DIGITAL SUB NY,-17.0
bank_127,2025-06-27,PLANET FIT CLUB FEES,-24.99
bank_128,2025-06-27,SPOTIFY USA 877-778-1161 NY,-11.99
bank_129,2025-06-27,SQ *YPSI YOGA COLLECTIVE MI,-45.0
bank_130,2025-06-27,SSA TREAS 310 XXSOC SEC,1684.6
bank_131,2025-06-28,POS DEBIT LOCAL BOOKSHOP ET ANN ARBOR MI,-138.12
bank_132,2025-06-30,POS DEBIT HARDWARE MARKET CC ANN ARBOR MI,-40.19
bank_133,2025-07-03,POS DEBIT YPSI FUEL FL ANN ARBOR MI,-30.22
bank_134,2025-07-10,POS DEBIT ARBOR GROCER FP ANN ARBOR MI,-124.31
bank_135,2025-07-11,POS DEBIT HARDWARE MARKET FO ANN ARBOR MI,-126.58
bank_136,2025-07-12,POS DEBIT ARBOR GROCER DM ANN ARBOR MI,-99.78
bank_137,2025-07-14,POS DEBIT COMMUNITY PHARMACY AW ANN ARBOR MI,-34.22
bank_138,2025-07-27,APPLE.COM/BILL CALM CA,-14.99
bank_139,2025-07-27,APPLE.COM/BILL ICLOUD CA,-2.99
bank_140,2025-07-27,APPLE.COM/BILL PARAMOUNT CA,-7.99
bank_141,2025-07-27,ATT PAYMENT 800-331-0500 TX,-65.0
bank_142,2025-07-27,AUDIBLE MEMBERSHIP NJ,-14.95
bank_143,2025-07-27,COMCAST XFINITY BILL MI,-74.99
bank_144,2025-07-27,DTE ENERGY AUTOPAY MI,-86.4
bank_145,2025-07-27,METLIFE PREM,-29.0
bank_146,2025-07-27,MPSERS PENSION BENEFIT,1928.44
bank_147,2025-07-27,NETFLIX.COM 866-579-7172 CA,-15.49
bank_148,2025-07-27,NYTIMES DIGITAL SUB NY,-17.0
bank_149,2025-07-27,PLANET FIT CLUB FEES,-24.99
bank_150,2025-07-27,SPOTIFY USA 877-778-1161 NY,-11.99
bank_151,2025-07-27,SQ *YPSI YOGA COLLECTIVE MI,-45.0
bank_152,2025-07-27,SSA TREAS 310 XXSOC SEC,1684.6
bank_153,2025-07-31,POS DEBIT HARDWARE MARKET DQ ANN ARBOR MI,-111.46
bank_154,2025-08-03,POS DEBIT COMMUNITY PHARMACY DJ ANN ARBOR MI,-143.59
bank_155,2025-08-08,POS DEBIT YPSI FUEL EW ANN ARBOR MI,-11.02
bank_156,2025-08-10,POS DEBIT YPSI FUEL BK ANN ARBOR MI,-98.59
bank_157,2025-08-13,POS DEBIT LOCAL BOOKSHOP DP ANN ARBOR MI,-170.1
bank_158,2025-08-20,POS DEBIT ARBOR GROCER BY ANN ARBOR MI,-35.29
bank_159,2025-08-25,POS DEBIT COMMUNITY PHARMACY DY ANN ARBOR MI,-177.98
bank_160,2025-08-27,APPLE.COM/BILL CALM CA,-14.99
bank_161,2025-08-27,APPLE.COM/BILL ICLOUD CA,-2.99
bank_162,2025-08-27,APPLE.COM/BILL PARAMOUNT CA,-7.99
bank_163,2025-08-27,ATT PAYMENT 800-331-0500 TX,-65.0
bank_164,2025-08-27,AUDIBLE MEMBERSHIP NJ,-14.95
bank_165,2025-08-27,COMCAST XFINITY BILL MI,-74.99
bank_166,2025-08-27,DTE ENERGY AUTOPAY MI,-86.4
bank_167,2025-08-27,METLIFE PREM,-29.0
bank_168,2025-08-27,MPSERS PENSION BENEFIT,1928.44
bank_169,2025-08-27,NETFLIX.COM 866-579-7172 CA,-15.49
bank_170,2025-08-27,NYTIMES DIGITAL SUB NY,-17.0
bank_171,2025-08-27,PLANET FIT CLUB FEES,-24.99
bank_172,2025-08-27,SPOTIFY USA 877-778-1161 NY,-11.99
bank_173,2025-08-27,SQ *YPSI YOGA COLLECTIVE MI,-45.0
bank_174,2025-08-27,SSA TREAS 310 XXSOC SEC,1684.6
bank_175,2025-08-28,POS DEBIT YPSI FUEL CO ANN ARBOR MI,-63.73
bank_176,2025-09-04,POS DEBIT COMMUNITY PHARMACY EX ANN ARBOR MI,-42.48
bank_177,2025-09-16,POS DEBIT HARDWARE MARKET DB ANN ARBOR MI,-28.72
bank_178,2025-09-19,POS DEBIT YPSI FUEL EC ANN ARBOR MI,-90.97
bank_179,2025-09-25,POS DEBIT ARBOR GROCER AU ANN ARBOR MI,-60.01
bank_180,2025-09-27,APPLE.COM/BILL CALM CA,-14.99
bank_181,2025-09-27,APPLE.COM/BILL ICLOUD CA,-2.99
bank_182,2025-09-27,APPLE.COM/BILL PARAMOUNT CA,-7.99
bank_183,2025-09-27,ATT PAYMENT 800-331-0500 TX,-65.0
bank_184,2025-09-27,AUDIBLE MEMBERSHIP NJ,-14.95
bank_185,2025-09-27,COMCAST XFINITY BILL MI,-74.99
bank_186,2025-09-27,DTE ENERGY AUTOPAY MI,-86.4
bank_187,2025-09-27,METLIFE PREM,-29.0
bank_188,2025-09-27,MPSERS PENSION BENEFIT,1928.44
bank_189,2025-09-27,NETFLIX.COM 866-579-7172 CA,-15.49
bank_190,2025-09-27,NYTIMES DIGITAL SUB NY,-17.0
bank_191,2025-09-27,PLANET FIT CLUB FEES,-24.99
bank_192,2025-09-27,SPOTIFY USA 877-778-1161 NY,-11.99
bank_193,2025-09-27,SQ *YPSI YOGA COLLECTIVE MI,-45.0
bank_194,2025-09-27,SSA TREAS 310 XXSOC SEC,1684.6
bank_195,2025-10-03,POS DEBIT YPSI FUEL DI ANN ARBOR MI,-62.83
bank_196,2025-10-05,POS DEBIT ARBOR GROCER FA ANN ARBOR MI,-140.99
bank_197,2025-10-06,AMZN PRIME MEMBERSHIP WA,-139.0
bank_198,2025-10-08,POS DEBIT COMMUNITY PHARMACY EI ANN ARBOR MI,-95.14
bank_199,2025-10-20,POS DEBIT HARDWARE MARKET AY ANN ARBOR MI,-68.16
bank_200,2025-10-27,APPLE.COM/BILL CALM CA,-14.99
bank_201,2025-10-27,APPLE.COM/BILL ICLOUD CA,-2.99
bank_202,2025-10-27,APPLE.COM/BILL PARAMOUNT CA,-7.99
bank_203,2025-10-27,ATT PAYMENT 800-331-0500 TX,-65.0
bank_204,2025-10-27,AUDIBLE MEMBERSHIP NJ,-14.95
bank_205,2025-10-27,COMCAST XFINITY BILL MI,-74.99
bank_206,2025-10-27,DROPBOX SUBSCRIPTION CA,-119.88
bank_207,2025-10-27,DTE ENERGY AUTOPAY MI,-86.4
bank_208,2025-10-27,METLIFE PREM,-29.0
bank_209,2025-10-27,MPSERS PENSION BENEFIT,1928.44
bank_210,2025-10-27,NETFLIX.COM 866-579-7172 CA,-15.49
bank_211,2025-10-27,NYTIMES DIGITAL SUB NY,-17.0
bank_212,2025-10-27,PLANET FIT CLUB FEES,-24.99
bank_213,2025-10-27,POS DEBIT LOCAL BOOKSHOP AX ANN ARBOR MI,-57.38
bank_214,2025-10-27,SPOTIFY USA 877-778-1161 NY,-11.99
bank_215,2025-10-27,SQ *YPSI YOGA COLLECTIVE MI,-45.0
bank_216,2025-10-27,SSA TREAS 310 XXSOC SEC,1684.6
bank_217,2025-11-02,POS DEBIT COMMUNITY PHARMACY EN ANN ARBOR MI,-176.7
bank_218,2025-11-03,POS DEBIT ARBOR GROCER FK ANN ARBOR MI,-169.73
bank_219,2025-11-05,POS DEBIT YPSI FUEL BP ANN ARBOR MI,-118.67
bank_220,2025-11-16,POS DEBIT HARDWARE MARKET BX ANN ARBOR MI,-52.16
bank_221,2025-11-19,POS DEBIT YPSI FUEL BF ANN ARBOR MI,-99.8
bank_222,2025-11-22,POS DEBIT ARBOR GROCER EB ANN ARBOR MI,-111.55
bank_223,2025-11-24,POS DEBIT LOCAL BOOKSHOP CL ANN ARBOR MI,-52.36
bank_224,2025-11-27,APPLE.COM/BILL CALM CA,-14.99
bank_225,2025-11-27,APPLE.COM/BILL ICLOUD CA,-2.99
bank_226,2025-11-27,APPLE.COM/BILL PARAMOUNT CA,-7.99
bank_227,2025-11-27,ATT PAYMENT 800-331-0500 TX,-65.0
bank_228,2025-11-27,AUDIBLE MEMBERSHIP NJ,-14.95
bank_229,2025-11-27,COMCAST XFINITY BILL MI,-74.99
bank_230,2025-11-27,DTE ENERGY AUTOPAY MI,-86.4
bank_231,2025-11-27,METLIFE PREM,-29.0
bank_232,2025-11-27,MPSERS PENSION BENEFIT,1928.44
bank_233,2025-11-27,NETFLIX.COM 866-579-7172 CA,-15.49
bank_234,2025-11-27,NYTIMES DIGITAL SUB NY,-17.0
bank_235,2025-11-27,PLANET FIT CLUB FEES,-24.99
bank_236,2025-11-27,SPOTIFY USA 877-778-1161 NY,-11.99
bank_237,2025-11-27,SQ *YPSI YOGA COLLECTIVE MI,-45.0
bank_238,2025-11-27,SSA TREAS 310 XXSOC SEC,1684.6
bank_239,2025-11-30,POS DEBIT COMMUNITY PHARMACY FC ANN ARBOR MI,-69.29
bank_240,2025-12-01,POS DEBIT COMMUNITY PHARMACY ED ANN ARBOR MI,-151.98
bank_241,2025-12-01,POS DEBIT HARDWARE MARKET BN ANN ARBOR MI,-90.31
bank_242,2025-12-03,POS DEBIT COMMUNITY PHARMACY CK ANN ARBOR MI,-151.4
bank_243,2025-12-05,POS DEBIT YPSI FUEL CY ANN ARBOR MI,-16.45
bank_244,2025-12-06,POS DEBIT COMMUNITY PHARMACY CA ANN ARBOR MI,-62.15
bank_245,2025-12-14,POS DEBIT YPSI FUEL ER ANN ARBOR MI,-68.65
bank_246,2025-12-16,POS DEBIT HARDWARE MARKET EA ANN ARBOR MI,-65.78
bank_247,2025-12-20,POS DEBIT COMMUNITY PHARMACY BV ANN ARBOR MI,-20.36
bank_248,2025-12-23,POS DEBIT COMMUNITY PHARMACY BQ ANN ARBOR MI,-88.54
bank_249,2025-12-23,POS DEBIT YPSI FUEL CE ANN ARBOR MI,-138.04
bank_250,2025-12-25,POS DEBIT COMMUNITY PHARMACY CF ANN ARBOR MI,-77.29
bank_251,2025-12-27,APPLE.COM/BILL CALM CA,-14.99
bank_252,2025-12-27,APPLE.COM/BILL ICLOUD CA,-2.99
bank_253,2025-12-27,APPLE.COM/BILL PARAMOUNT CA,-7.99
bank_254,2025-12-27,ATT PAYMENT 800-331-0500 TX,-65.0
bank_255,2025-12-27,AUDIBLE MEMBERSHIP NJ,-14.95
bank_256,2025-12-27,COMCAST XFINITY BILL MI,-74.99
bank_257,2025-12-27,DTE ENERGY AUTOPAY MI,-86.4
bank_258,2025-12-27,METLIFE PREM,-29.0
bank_259,2025-12-27,MPSERS PENSION BENEFIT,1928.44
bank_260,2025-12-27,NETFLIX.COM 866-579-7172 CA,-15.49
bank_261,2025-12-27,NYTIMES DIGITAL SUB NY,-17.0
bank_262,2025-12-27,PLANET FIT CLUB FEES,-24.99
bank_263,2025-12-27,SPOTIFY USA 877-778-1161 NY,-11.99
bank_264,2025-12-27,SQ *YPSI YOGA COLLECTIVE MI,-45.0
bank_265,2025-12-27,SSA TREAS 310 XXSOC SEC,1684.6
bank_266,2025-12-31,POS DEBIT LOCAL BOOKSHOP BC ANN ARBOR MI,-147.31
bank_267,2026-01-03,POS DEBIT ARBOR GROCER BT ANN ARBOR MI,-124.93
bank_268,2026-01-10,POS DEBIT ARBOR GROCER EG ANN ARBOR MI,-50.17
bank_269,2026-01-14,POS DEBIT HARDWARE MARKET DL ANN ARBOR MI,-19.74
bank_270,2026-01-25,POS DEBIT ARBOR GROCER AP ANN ARBOR MI,-99.78
bank_271,2026-01-27,APPLE.COM/BILL CALM CA,-14.99
bank_272,2026-01-27,APPLE.COM/BILL ICLOUD CA,-2.99
bank_273,2026-01-27,APPLE.COM/BILL PARAMOUNT CA,-7.99
bank_274,2026-01-27,ATT PAYMENT 800-331-0500 TX,-65.0
bank_275,2026-01-27,AUDIBLE MEMBERSHIP NJ,-14.95
bank_276,2026-01-27,COMCAST XFINITY BILL MI,-74.99
bank_277,2026-01-27,DTE ENERGY AUTOPAY MI,-86.4
bank_278,2026-01-27,METLIFE PREM,-29.0
bank_279,2026-01-27,MPSERS PENSION BENEFIT,1928.44
bank_280,2026-01-27,NETFLIX.COM 866-579-7172 CA,-15.49
bank_281,2026-01-27,NYTIMES DIGITAL SUB NY,-17.0
bank_282,2026-01-27,PLANET FIT CLUB FEES,-24.99
bank_283,2026-01-27,SPOTIFY USA 877-778-1161 NY,-11.99
bank_284,2026-01-27,SQ *YPSI YOGA COLLECTIVE MI,-45.0
bank_285,2026-01-27,SSA TREAS 310 XXSOC SEC,1684.6
bank_286,2026-01-28,POS DEBIT ARBOR GROCER EV ANN ARBOR MI,-115.71
bank_287,2026-02-02,POS DEBIT ARBOR GROCER AZ ANN ARBOR MI,-38.83
bank_288,2026-02-03,POS DEBIT HARDWARE MARKET AT ANN ARBOR MI,-64.05
bank_289,2026-02-06,POS DEBIT LOCAL BOOKSHOP FD ANN ARBOR MI,-98.69
bank_290,2026-02-14,POS DEBIT COMMUNITY PHARMACY CZ ANN ARBOR MI,-132.05
bank_291,2026-02-14,POS DEBIT LOCAL BOOKSHOP EJ ANN ARBOR MI,-58.91
bank_292,2026-02-15,POS DEBIT ARBOR GROCER CS ANN ARBOR MI,-75.5
bank_293,2026-02-24,POS DEBIT COMMUNITY PHARMACY CU ANN ARBOR MI,-64.61
bank_294,2026-02-25,POS DEBIT ARBOR GROCER EL ANN ARBOR MI,-156.15
bank_295,2026-02-27,APPLE.COM/BILL CALM CA,-14.99
bank_296,2026-02-27,APPLE.COM/BILL ICLOUD CA,-2.99
bank_297,2026-02-27,APPLE.COM/BILL PARAMOUNT CA,-7.99
bank_298,2026-02-27,ATT PAYMENT 800-331-0500 TX,-65.0
bank_299,2026-02-27,AUDIBLE MEMBERSHIP NJ,-14.95
bank_300,2026-02-27,COMCAST XFINITY BILL MI,-74.99
bank_301,2026-02-27,DTE ENERGY AUTOPAY MI,-86.4
bank_302,2026-02-27,METLIFE PREM,-29.0
bank_303,2026-02-27,MPSERS PENSION BENEFIT,1928.44
bank_304,2026-02-27,NETFLIX.COM 866-579-7172 CA,-15.49
bank_305,2026-02-27,NYTIMES DIGITAL SUB NY,-17.0
bank_306,2026-02-27,PLANET FIT CLUB FEES,-24.99
bank_307,2026-02-27,SPOTIFY USA 877-778-1161 NY,-11.99
bank_308,2026-02-27,SQ *YPSI YOGA COLLECTIVE MI,-45.0
bank_309,2026-02-27,SSA TREAS 310 XXSOC SEC,1684.6
bank_310,2026-02-28,POS DEBIT YPSI FUEL FQ ANN ARBOR MI,-117.57
bank_311,2026-03-01,POS DEBIT YPSI FUEL DD ANN ARBOR MI,-150.93
bank_312,2026-03-06,POS DEBIT ARBOR GROCER DW ANN ARBOR MI,-13.74
bank_313,2026-03-11,POS DEBIT ARBOR GROCER CX ANN ARBOR MI,-67.28
bank_314,2026-03-19,POS DEBIT YPSI FUEL BZ ANN ARBOR MI,-94.09
bank_315,2026-03-27,APPLE.COM/BILL CALM CA,-14.99
bank_316,2026-03-27,APPLE.COM/BILL ICLOUD CA,-2.99
bank_317,2026-03-27,APPLE.COM/BILL PARAMOUNT CA,-7.99
bank_318,2026-03-27,ATT PAYMENT 800-331-0500 TX,-65.0
bank_319,2026-03-27,AUDIBLE MEMBERSHIP NJ,-14.95
bank_320,2026-03-27,COMCAST XFINITY BILL MI,-74.99
bank_321,2026-03-27,DTE ENERGY AUTOPAY MI,-86.4
bank_322,2026-03-27,METLIFE PREM,-29.0
bank_323,2026-03-27,MPSERS PENSION BENEFIT,1928.44
bank_324,2026-03-27,NETFLIX.COM 866-579-7172 CA,-15.49
bank_325,2026-03-27,NYTIMES DIGITAL SUB NY,-17.0
bank_326,2026-03-27,PLANET FIT CLUB FEES,-24.99
bank_327,2026-03-27,SPOTIFY USA 877-778-1161 NY,-11.99
bank_328,2026-03-27,SQ *YPSI YOGA COLLECTIVE MI,-45.0
bank_329,2026-03-27,SSA TREAS 310 XXSOC SEC,1684.6
bank_330,2026-04-01,POS DEBIT HARDWARE MARKET CM ANN ARBOR MI,-51.87
bank_331,2026-04-12,POS DEBIT YPSI FUEL BU ANN ARBOR MI,-165.68
bank_332,2026-04-14,POS DEBIT ARBOR GROCER AA ANN ARBOR MI,-101.49
bank_333,2026-04-20,POS DEBIT ARBOR GROCER CD ANN ARBOR MI,-44.31
bank_334,2026-04-23,POS DEBIT YPSI FUEL EH ANN ARBOR MI,-40.58
bank_335,2026-04-27,APPLE.COM/BILL CALM CA,-14.99
bank_336,2026-04-27,APPLE.COM/BILL ICLOUD CA,-2.99
bank_337,2026-04-27,APPLE.COM/BILL PARAMOUNT CA,-7.99
bank_338,2026-04-27,ATT PAYMENT 800-331-0500 TX,-65.0
bank_339,2026-04-27,AUDIBLE MEMBERSHIP NJ,-14.95
bank_340,2026-04-27,COMCAST XFINITY BILL MI,-74.99
bank_341,2026-04-27,DTE ENERGY AUTOPAY MI,-86.4
bank_342,2026-04-27,METLIFE PREM,-29.0
bank_343,2026-04-27,MPSERS PENSION BENEFIT,1928.44
bank_344,2026-04-27,NETFLIX.COM 866-579-7172 CA,-15.49
bank_345,2026-04-27,NYTIMES DIGITAL SUB NY,-17.0
bank_346,2026-04-27,PLANET FIT CLUB FEES,-24.99
bank_347,2026-04-27,SPOTIFY USA 877-778-1161 NY,-11.99
bank_348,2026-04-27,SQ *YPSI YOGA COLLECTIVE MI,-45.0
bank_349,2026-04-27,SSA TREAS 310 XXSOC SEC,1684.6
bank_350,2026-04-28,POS DEBIT LOCAL BOOKSHOP DZ ANN ARBOR MI,-120.47
bank_351,2026-05-01,POS DEBIT YPSI FUEL AB ANN ARBOR MI,-162.08
bank_352,2026-05-03,POS DEBIT COMMUNITY PHARMACY DE ANN ARBOR MI,-154.13
bank_353,2026-05-07,POS DEBIT COMMUNITY PHARMACY BB ANN ARBOR MI,-169.42
bank_354,2026-05-10,POS DEBIT LOCAL BOOKSHOP DF ANN ARBOR MI,-64.94
bank_355,2026-05-16,POS DEBIT ARBOR GROCER EQ ANN ARBOR MI,-61.32
bank_356,2026-05-16,POS DEBIT YPSI FUEL FB ANN ARBOR MI,-29.79
bank_357,2026-05-17,POS DEBIT COMMUNITY PHARMACY FR ANN ARBOR MI,-164.75
bank_358,2026-05-21,POS DEBIT LOCAL BOOKSHOP CB ANN ARBOR MI,-76.13
bank_359,2026-05-22,POS DEBIT LOCAL BOOKSHOP CV ANN ARBOR MI,-164.09
bank_360,2026-05-26,POS DEBIT LOCAL BOOKSHOP BR ANN ARBOR MI,-27.04
bank_361,2026-05-27,APPLE.COM/BILL CALM CA,-14.99
bank_362,2026-05-27,APPLE.COM/BILL ICLOUD CA,-2.99
bank_363,2026-05-27,APPLE.COM/BILL PARAMOUNT CA,-7.99
bank_364,2026-05-27,ATT PAYMENT 800-331-0500 TX,-65.0
bank_365,2026-05-27,AUDIBLE MEMBERSHIP NJ,-14.95
bank_366,2026-05-27,COMCAST XFINITY BILL MI,-74.99
bank_367,2026-05-27,DTE ENERGY AUTOPAY MI,-86.4
bank_368,2026-05-27,METLIFE PREM,-29.0
bank_369,2026-05-27,MPSERS PENSION BENEFIT,1928.44
bank_370,2026-05-27,NETFLIX.COM 866-579-7172 CA,-15.49
bank_371,2026-05-27,NYTIMES DIGITAL SUB NY,-17.0
bank_372,2026-05-27,PLANET FIT CLUB FEES,-24.99
bank_373,2026-05-27,SPOTIFY USA 877-778-1161 NY,-11.99
bank_374,2026-05-27,SQ *YPSI YOGA COLLECTIVE MI,-45.0
bank_375,2026-05-27,SSA TREAS 310 XXSOC SEC,1684.6
bank_376,2026-06-05,POS DEBIT LOCAL BOOKSHOP EY ANN ARBOR MI,-154.85
bank_377,2026-06-06,POS DEBIT YPSI FUEL EM ANN ARBOR MI,-124.68
bank_378,2026-06-11,POS DEBIT HARDWARE MARKET FT ANN ARBOR MI,-69.36
bank_379,2026-06-12,POS DEBIT LOCAL BOOKSHOP DK ANN ARBOR MI,-54.18
bank_380,2026-06-13,POS DEBIT ARBOR GROCER BE ANN ARBOR MI,-11.14
bank_381,2026-06-13,POS DEBIT YPSI FUEL AQ ANN ARBOR MI,-147.3
bank_382,2026-06-16,POS DEBIT HARDWARE MARKET BS ANN ARBOR MI,-48.98
bank_383,2026-06-19,POS DEBIT COMMUNITY PHARMACY DT ANN ARBOR MI,-124.52
bank_384,2026-06-19,POS DEBIT HARDWARE MARKET EP ANN ARBOR MI,-109.67
bank_385,2026-06-20,POS DEBIT YPSI FUEL AG ANN ARBOR MI,-128.21
bank_386,2026-06-25,POS DEBIT HARDWARE MARKET EU ANN ARBOR MI,-96.57
bank_387,2026-06-27,APPLE.COM/BILL CALM CA,-14.99
bank_388,2026-06-27,APPLE.COM/BILL ICLOUD CA,-2.99
bank_389,2026-06-27,APPLE.COM/BILL PARAMOUNT CA,-7.99
bank_390,2026-06-27,ATT PAYMENT 800-331-0500 TX,-65.0
bank_391,2026-06-27,AUDIBLE MEMBERSHIP NJ,-14.95
bank_392,2026-06-27,COMCAST XFINITY BILL MI,-74.99
bank_393,2026-06-27,DTE ENERGY AUTOPAY MI,-86.4
bank_394,2026-06-27,METLIFE PREM,-29.0
bank_395,2026-06-27,MPSERS PENSION BENEFIT,1928.44
bank_396,2026-06-27,NETFLIX.COM 866-579-7172 CA,-15.49
bank_397,2026-06-27,NYTIMES DIGITAL SUB NY,-17.0
bank_398,2026-06-27,PLANET FIT CLUB FEES,-24.99
bank_399,2026-06-27,SPOTIFY USA 877-778-1161 NY,-11.99
bank_400,2026-06-27,SQ *YPSI YOGA COLLECTIVE MI,-45.0
bank_401,2026-06-27,SSA TREAS 310 XXSOC SEC,1684.6
bank_402,2026-07-05,POS DEBIT HARDWARE MARKET BD ANN ARBOR MI,-35.73
bank_403,2026-07-07,POS DEBIT HARDWARE MARKET FE ANN ARBOR MI,-38.9
bank_404,2026-07-08,POS DEBIT COMMUNITY PHARMACY FM ANN ARBOR MI,-126.57
bank_405,2026-07-13,POS DEBIT ARBOR GROCER CN ANN ARBOR MI,-115.08
bank_406,2026-07-14,POS DEBIT HARDWARE MARKET AJ ANN ARBOR MI,-133.2
bank_407,2026-07-14,POS DEBIT HARDWARE MARKET CW ANN ARBOR MI,-95.9
bank_408,2026-07-17,POS DEBIT YPSI FUEL CT ANN ARBOR MI,-130.66
bank_409,2026-07-18,POS DEBIT YPSI FUEL DX ANN ARBOR MI,-133.76
bank_410,2026-07-19,POS DEBIT ARBOR GROCER FF ANN ARBOR MI,-128.64
bank_411,2026-07-27,APPLE.COM/BILL CALM CA,-14.99
bank_412,2026-07-27,APPLE.COM/BILL ICLOUD CA,-2.99
bank_413,2026-07-27,APPLE.COM/BILL PARAMOUNT CA,-7.99
bank_414,2026-07-27,ATT PAYMENT 800-331-0500 TX,-65.0
bank_415,2026-07-27,AUDIBLE MEMBERSHIP NJ,-14.95
bank_416,2026-07-27,COMCAST XFINITY BILL MI,-74.99
bank_417,2026-07-27,DTE ENERGY AUTOPAY MI,-86.4
bank_418,2026-07-27,METLIFE PREM,-29.0
bank_419,2026-07-27,MPSERS PENSION BENEFIT,1928.44
bank_420,2026-07-27,NETFLIX.COM 866-579-7172 CA,-15.49
bank_421,2026-07-27,NYTIMES DIGITAL SUB NY,-17.0
bank_422,2026-07-27,PLANET FIT CLUB FEES,-24.99
bank_423,2026-07-27,POS DEBIT LOCAL BOOKSHOP DU ANN ARBOR MI,-29.19
bank_424,2026-07-27,SPOTIFY USA 877-778-1161 NY,-11.99
bank_425,2026-07-27,SQ *YPSI YOGA COLLECTIVE MI,-45.0
bank_426,2026-07-27,SSA TREAS 310 XXSOC SEC,1684.6
bank_427,2026-08-04,POS DEBIT ARBOR GROCER CI ANN ARBOR MI,-120.29
bank_428,2026-08-10,POS DEBIT LOCAL BOOKSHOP FI ANN ARBOR MI,-16.63
bank_429,2026-08-12,POS DEBIT HARDWARE MARKET CR ANN ARBOR MI,-85.7
bank_430,2026-08-16,POS DEBIT ARBOR GROCER DC ANN ARBOR MI,-118.12
bank_431,2026-08-18,POS DEBIT COMMUNITY PHARMACY AC ANN ARBOR MI,-60.32
bank_432,2026-08-19,POS DEBIT HARDWARE MARKET EK ANN ARBOR MI,-15.43
bank_433,2026-08-20,POS DEBIT LOCAL BOOKSHOP AN ANN ARBOR MI,-59.37
bank_434,2026-08-27,APPLE.COM/BILL CALM CA,-14.99
bank_435,2026-08-27,APPLE.COM/BILL ICLOUD CA,-2.99
bank_436,2026-08-27,APPLE.COM/BILL PARAMOUNT CA,-7.99
bank_437,2026-08-27,ATT PAYMENT 800-331-0500 TX,-65.0
bank_438,2026-08-27,AUDIBLE MEMBERSHIP NJ,-14.95
bank_439,2026-08-27,COMCAST XFINITY BILL MI,-74.99
bank_440,2026-08-27,DTE ENERGY AUTOPAY MI,-86.4
bank_441,2026-08-27,METLIFE PREM,-29.0
bank_442,2026-08-27,MPSERS PENSION BENEFIT,1928.44
bank_443,2026-08-27,NETFLIX.COM 866-579-7172 CA,-15.49
bank_444,2026-08-27,NYTIMES DIGITAL SUB NY,-17.0
bank_445,2026-08-27,PLANET FIT CLUB FEES,-24.99
bank_446,2026-08-27,SPOTIFY USA 877-778-1161 NY,-11.99
bank_447,2026-08-27,SQ *YPSI YOGA COLLECTIVE MI,-45.0
bank_448,2026-08-27,SSA TREAS 310 XXSOC SEC,1684.6
bank_449,2026-08-28,POS DEBIT LOCAL BOOKSHOP CG ANN ARBOR MI,-72.4
bank_450,2026-08-30,POS DEBIT YPSI FUEL AV ANN ARBOR MI,-121.23
bank_451,2026-09-06,POS DEBIT COMMUNITY PHARMACY BL ANN ARBOR MI,-112.14
